Resource,Fuel,Zone,AnnualSumCosts
CNQ_COAL,QL_CO,1,0.0
GG_COAL,QL_CO,2,0.0
SQ_COAL,QL_CO,3,0.0
CNSW_COAL,NSW_CO,5,0.0
SNW_COAL,NSW_CO,6,0.0
VIC_COAL,VIC_CO,8,0.0
CNQ_CCGT,QL_GA,1,2.1212878286541e8
GG_CCGT,QL_GA,2,1.4576216419929412e8
SQ_CCGT,QL_GA,3,3.4335707791714966e8
NNSW_CCGT,NSW_GA,4,5.782924982036978e7
CNSW_CCGT,NSW_GA,5,1.2272463245661232e8
SNW_CCGT,NSW_GA,6,5.858576360310203e8
SNSW_CCGT,NSW_GA,7,7.520479124810015e7
VIC_CCGT,VIC_GA,8,5.450593945829087e8
SA_CCGT,SA_GA,9,1.719598792348999e8
TAS_CCGT,TAS_GA,10,1.3412816831488857e8
CNQ_OCGT,QL_GA,1,1.8750338596242737e7
GG_OCGT,QL_GA,2,1.4775265156564254e6
SQ_OCGT,QL_GA,3,1.3945602188522168e7
NNSW_OCGT,NSW_GA,4,0.0
CNSW_OCGT,NSW_GA,5,0.0
SNW_OCGT,NSW_GA,6,1.532008279019315e7
SNSW_OCGT,NSW_GA,7,3.468724632227226e7
VIC_OCGT,VIC_GA,8,2.808992673312442e7
SA_OCGT,SA_GA,9,1.082232610407016e7
TAS_OCGT,TAS_GA,10,3.551304033681475e7
CNQ_BIO,QL_BI,1,0.0
