Resource,Fuel,Zone,AnnualSumCosts
CNQ_COAL,QL_CO,1,2.1658370778790917e7
GG_COAL,QL_CO,2,1.9546007719150027e6
SQ_COAL,QL_CO,3,3.0952648223751277e7
CNSW_COAL,NSW_CO,5,1.9378071403167674e6
SNW_COAL,NSW_CO,6,3.5427484787027374e7
VIC_COAL,VIC_CO,8,0.0
CNQ_CCGT,QL_GA,1,1.605914732092984e8
GG_CCGT,QL_GA,2,1.5994969152821612e8
SQ_CCGT,QL_GA,3,2.6723176983802193e8
NNSW_CCGT,NSW_GA,4,5.187750197915329e7
CNSW_CCGT,NSW_GA,5,1.4597266213835797e8
SNW_CCGT,NSW_GA,6,6.514848832252756e8
SNSW_CCGT,NSW_GA,7,1.1105423680065744e8
VIC_CCGT,VIC_GA,8,6.422379601713337e8
SA_CCGT,SA_GA,9,2.0378471537713537e8
TAS_CCGT,TAS_GA,10,1.5800487434646052e8
CNQ_OCGT,QL_GA,1,0.0
GG_OCGT,QL_GA,2,0.0
SQ_OCGT,QL_GA,3,0.0
NNSW_OCGT,NSW_GA,4,0.0
CNSW_OCGT,NSW_GA,5,0.0
SNW_OCGT,NSW_GA,6,0.0
SNSW_OCGT,NSW_GA,7,0.0
VIC_OCGT,VIC_GA,8,5.335132136888062e6
SA_OCGT,SA_GA,9,9.194411415152736e6
TAS_OCGT,TAS_GA,10,4.7778991847077645e7
CNQ_BIO,QL_BI,1,0.0
