Resource,Fuel,Zone,AnnualSumCosts
CNQ_COAL,QL_CO,1,0.0
GG_COAL,QL_CO,2,0.0
SQ_COAL,QL_CO,3,0.0
CNSW_COAL,NSW_CO,5,0.0
SNW_COAL,NSW_CO,6,0.0
VIC_COAL,VIC_CO,8,0.0
CNQ_CCGT,QL_GA,1,7.698668760010171e7
GG_CCGT,QL_GA,2,5.399980908882826e7
SQ_CCGT,QL_GA,3,1.1982600981867127e8
NNSW_CCGT,NSW_GA,4,3.0244514137844093e7
CNSW_CCGT,NSW_GA,5,3.2514967934692636e7
SNW_CCGT,NSW_GA,6,1.6472060120139948e8
SNSW_CCGT,NSW_GA,7,2.9550045232300952e7
VIC_CCGT,VIC_GA,8,1.7532157890911445e8
SA_CCGT,SA_GA,9,5.825330780768228e7
TAS_CCGT,TAS_GA,10,4.527050443400143e7
CNQ_OCGT,QL_GA,1,0.0
GG_OCGT,QL_GA,2,0.0
SQ_OCGT,QL_GA,3,0.0
NNSW_OCGT,NSW_GA,4,0.0
CNSW_OCGT,NSW_GA,5,0.0
SNW_OCGT,NSW_GA,6,0.0
SNSW_OCGT,NSW_GA,7,0.0
VIC_OCGT,VIC_GA,8,0.0
SA_OCGT,SA_GA,9,0.0
TAS_OCGT,TAS_GA,10,0.0
CNQ_BIO,QL_BI,1,0.0
